{
  "images": [
    {
      "width": 1152,
      "height": 780,
      "id": 0,
      "file_name": "images\\1/9e25a867-LINE_ALBUM_StarBurst_221213_14.jpg"
    },
    {
      "width": 723,
      "height": 699,
      "id": 1,
      "file_name": "images\\1/e231dfd7-LINE_ALBUM_StarBurst_221213_12.jpg"
    },
    {
      "width": 900,
      "height": 900,
      "id": 2,
      "file_name": "images\\1/b0254896-LINE_ALBUM_StarBurst_221213_11.jpg"
    },
    {
      "width": 1185,
      "height": 891,
      "id": 3,
      "file_name": "images\\1/1730afe5-LINE_ALBUM_StarBurst_221213_10.jpg"
    },
    {
      "width": 587,
      "height": 587,
      "id": 4,
      "file_name": "images\\1/a3c2f2c3-LINE_ALBUM_StarBurst_221213_8.jpg"
    },
    {
      "width": 900,
      "height": 440,
      "id": 5,
      "file_name": "images\\1/8496ba7a-LINE_ALBUM_StarBurst_221213_7.jpg"
    },
    {
      "width": 1277,
      "height": 723,
      "id": 6,
      "file_name": "images\\1/af345ba3-LINE_ALBUM_StarBurst_221213_6.jpg"
    },
    {
      "width": 94,
      "height": 79,
      "id": 7,
      "file_name": "images\\1/8d5d0a4c-LINE_ALBUM_StarBurst_221213_4.jpg"
    },
    {
      "width": 900,
      "height": 506,
      "id": 8,
      "file_name": "images\\1/e6161376-LINE_ALBUM_StarBurst_221213_3.jpg"
    },
    {
      "width": 364,
      "height": 268,
      "id": 9,
      "file_name": "images\\1/e6f8fd6a-LINE_ALBUM_StarBurst_221213_2.jpg"
    },
    {
      "width": 318,
      "height": 212,
      "id": 10,
      "file_name": "images\\1/955ce4c3-LINE_ALBUM_StarBurst_221213_1.jpg"
    },
    {
      "width": 720,
      "height": 405,
      "id": 11,
      "file_name": "images\\1/eea61132-LINE_ALBUM_StarBurst_221213_0.jpg"
    },
    {
      "width": 867,
      "height": 856,
      "id": 12,
      "file_name": "images\\1/ffbb3adf-LINE_ALBUM_StarBurst_221213_32.jpg"
    },
    {
      "width": 666,
      "height": 536,
      "id": 13,
      "file_name": "images\\1/e7befaa6-LINE_ALBUM_StarBurst_221213_25.jpg"
    },
    {
      "width": 720,
      "height": 576,
      "id": 14,
      "file_name": "images\\1/75bb1181-LINE_ALBUM_StarBurst_221213_23.jpg"
    },
    {
      "width": 900,
      "height": 506,
      "id": 15,
      "file_name": "images\\1/bbdafa83-LINE_ALBUM_StarBurst_221213_22.jpg"
    },
    {
      "width": 640,
      "height": 917,
      "id": 16,
      "file_name": "images\\1/7bafadfa-LINE_ALBUM_StarBurst_221213_16.jpg"
    },
    {
      "width": 720,
      "height": 404,
      "id": 17,
      "file_name": "images\\1/db2d650e-LINE_ALBUM_StarBurst_221213_13.jpg"
    },
    {
      "width": 1181,
      "height": 895,
      "id": 18,
      "file_name": "images\\1/b8d160fa-LINE_ALBUM_StarBurst_221213_9.jpg"
    },
    {
      "width": 640,
      "height": 359,
      "id": 19,
      "file_name": "images\\1/3e0724e1-LINE_ALBUM_StarBurst_221213_5.jpg"
    },
    {
      "width": 798,
      "height": 449,
      "id": 20,
      "file_name": "images\\1/b8e0d4e6-LINE_ALBUM_StarBurst_221213_34.jpg"
    },
    {
      "width": 1280,
      "height": 720,
      "id": 21,
      "file_name": "images\\1/145234f1-LINE_ALBUM_StarBurst_221213_33.jpg"
    },
    {
      "width": 900,
      "height": 674,
      "id": 22,
      "file_name": "images\\1/214f7d38-LINE_ALBUM_StarBurst_221213_30.jpg"
    },
    {
      "width": 706,
      "height": 473,
      "id": 23,
      "file_name": "images\\1/230d63e2-LINE_ALBUM_StarBurst_221213_29.jpg"
    },
    {
      "width": 516,
      "height": 346,
      "id": 24,
      "file_name": "images\\1/fb7e0947-LINE_ALBUM_StarBurst_221213_28.jpg"
    },
    {
      "width": 900,
      "height": 675,
      "id": 25,
      "file_name": "images\\1/05226d2b-LINE_ALBUM_StarBurst_221213_27.jpg"
    },
    {
      "width": 715,
      "height": 402,
      "id": 26,
      "file_name": "images\\1/99f921bc-LINE_ALBUM_StarBurst_221213_26.jpg"
    },
    {
      "width": 720,
      "height": 405,
      "id": 27,
      "file_name": "images\\1/04e5af9e-LINE_ALBUM_StarBurst_221213_24.jpg"
    },
    {
      "width": 765,
      "height": 517,
      "id": 28,
      "file_name": "images\\1/bf091166-LINE_ALBUM_StarBurst_221213_21.jpg"
    },
    {
      "width": 732,
      "height": 900,
      "id": 29,
      "file_name": "images\\1/be64188d-LINE_ALBUM_StarBurst_221213_20.jpg"
    },
    {
      "width": 1280,
      "height": 669,
      "id": 30,
      "file_name": "images\\1/181cb227-LINE_ALBUM_StarBurst_221213_19.jpg"
    },
    {
      "width": 1280,
      "height": 720,
      "id": 31,
      "file_name": "images\\1/6f270a23-LINE_ALBUM_StarBurst_221213_17.jpg"
    },
    {
      "width": 663,
      "height": 996,
      "id": 32,
      "file_name": "images\\1/2fb49cce-LINE_ALBUM_StarBurst_221213_15.jpg"
    }
  ],
  "categories": [
    {
      "id": 0,
      "name": "aincrad"
    },
    {
      "id": 1,
      "name": "kt_face"
    },
    {
      "id": 2,
      "name": "kt_hair"
    },
    {
      "id": 3,
      "name": "sw_dp"
    },
    {
      "id": 4,
      "name": "sw_hge"
    },
    {
      "id": 5,
      "name": "sw_ns"
    }
  ],
  "annotations": [
    {
      "id": 0,
      "image_id": 0,
      "category_id": 1,
      "segmentation": [],
      "bbox": [
        487,
        163,
        97,
        157
      ],
      "ignore": 0,
      "iscrowd": 0,
      "area": 15229
    },
    {
      "id": 1,
      "image_id": 0,
      "category_id": 3,
      "segmentation": [],
      "bbox": [
        607,
        273,
        81,
        87
      ],
      "ignore": 0,
      "iscrowd": 0,
      "area": 7047
    },
    {
      "id": 2,
      "image_id": 0,
      "category_id": 4,
      "segmentation": [],
      "bbox": [
        374,
        255,
        106,
        96
      ],
      "ignore": 0,
      "iscrowd": 0,
      "area": 10176
    },
    {
      "id": 3,
      "image_id": 0,
      "category_id": 0,
      "segmentation": [],
      "bbox": [
        718,
        61,
        159,
        127
      ],
      "ignore": 0,
      "iscrowd": 0,
      "area": 20193
    },
    {
      "id": 4,
      "image_id": 1,
      "category_id": 1,
      "segmentation": [],
      "bbox": [
        176,
        220,
        382,
        344
      ],
      "ignore": 0,
      "iscrowd": 0,
      "area": 131408
    },
    {
      "id": 5,
      "image_id": 1,
      "category_id": 3,
      "segmentation": [],
      "bbox": [
        604,
        242,
        100,
        427
      ],
      "ignore": 0,
      "iscrowd": 0,
      "area": 42700
    },
    {
      "id": 6,
      "image_id": 1,
      "category_id": 4,
      "segmentation": [],
      "bbox": [
        316,
        627,
        317,
        57
      ],
      "ignore": 0,
      "iscrowd": 0,
      "area": 18069
    },
    {
      "id": 7,
      "image_id": 2,
      "category_id": 1,
      "segmentation": [],
      "bbox": [
        454,
        276,
        170,
        118
      ],
      "ignore": 0,
      "iscrowd": 0,
      "area": 20060
    },
    {
      "id": 8,
      "image_id": 2,
      "category_id": 3,
      "segmentation": [],
      "bbox": [
        493,
        406,
        118,
        51
      ],
      "ignore": 0,
      "iscrowd": 0,
      "area": 6018
    },
    {
      "id": 9,
      "image_id": 2,
      "category_id": 4,
      "segmentation": [],
      "bbox": [
        130,
        313,
        156,
        586
      ],
      "ignore": 0,
      "iscrowd": 0,
      "area": 91416
    },
    {
      "id": 10,
      "image_id": 2,
      "category_id": 4,
      "segmentation": [],
      "bbox": [
        404,
        635,
        495,
        264
      ],
      "ignore": 0,
      "iscrowd": 0,
      "area": 130680
    },
    {
      "id": 11,
      "image_id": 3,
      "category_id": 1,
      "segmentation": [],
      "bbox": [
        665,
        333,
        128,
        154
      ],
      "ignore": 0,
      "iscrowd": 0,
      "area": 19712
    },
    {
      "id": 12,
      "image_id": 3,
      "category_id": 1,
      "segmentation": [],
      "bbox": [
        925,
        326,
        110,
        135
      ],
      "ignore": 0,
      "iscrowd": 0,
      "area": 14850
    },
    {
      "id": 13,
      "image_id": 3,
      "category_id": 2,
      "segmentation": [],
      "bbox": [
        309,
        242,
        206,
        160
      ],
      "ignore": 0,
      "iscrowd": 0,
      "area": 32960
    },
    {
      "id": 14,
      "image_id": 3,
      "category_id": 1,
      "segmentation": [],
      "bbox": [
        334,
        303,
        81,
        70
      ],
      "ignore": 0,
      "iscrowd": 0,
      "area": 5670
    },
    {
      "id": 15,
      "image_id": 4,
      "category_id": 2,
      "segmentation": [],
      "bbox": [
        76,
        197,
        99,
        115
      ],
      "ignore": 0,
      "iscrowd": 0,
      "area": 11385
    },
    {
      "id": 16,
      "image_id": 4,
      "category_id": 3,
      "segmentation": [],
      "bbox": [
        0,
        231,
        189,
        234
      ],
      "ignore": 0,
      "iscrowd": 0,
      "area": 44226
    },
    {
      "id": 17,
      "image_id": 4,
      "category_id": 4,
      "segmentation": [],
      "bbox": [
        21,
        107,
        227,
        234
      ],
      "ignore": 0,
      "iscrowd": 0,
      "area": 53118
    },
    {
      "id": 18,
      "image_id": 5,
      "category_id": 1,
      "segmentation": [],
      "bbox": [
        328,
        303,
        225,
        84
      ],
      "ignore": 0,
      "iscrowd": 0,
      "area": 18900
    },
    {
      "id": 19,
      "image_id": 6,
      "category_id": 3,
      "segmentation": [],
      "bbox": [
        919,
        447,
        139,
        137
      ],
      "ignore": 0,
      "iscrowd": 0,
      "area": 19043
    },
    {
      "id": 20,
      "image_id": 6,
      "category_id": 4,
      "segmentation": [],
      "bbox": [
        896,
        360,
        120,
        173
      ],
      "ignore": 0,
      "iscrowd": 0,
      "area": 20760
    },
    {
      "id": 21,
      "image_id": 7,
      "category_id": 1,
      "segmentation": [],
      "bbox": [
        19,
        29,
        57,
        19
      ],
      "ignore": 0,
      "iscrowd": 0,
      "area": 1083
    },
    {
      "id": 22,
      "image_id": 8,
      "category_id": 1,
      "segmentation": [],
      "bbox": [
        260,
        60,
        161,
        145
      ],
      "ignore": 0,
      "iscrowd": 0,
      "area": 23345
    },
    {
      "id": 23,
      "image_id": 9,
      "category_id": 1,
      "segmentation": [],
      "bbox": [
        126,
        59,
        150,
        64
      ],
      "ignore": 0,
      "iscrowd": 0,
      "area": 9600
    },
    {
      "id": 24,
      "image_id": 9,
      "category_id": 3,
      "segmentation": [],
      "bbox": [
        55,
        0,
        82,
        123
      ],
      "ignore": 0,
      "iscrowd": 0,
      "area": 10086
    },
    {
      "id": 25,
      "image_id": 9,
      "category_id": 4,
      "segmentation": [],
      "bbox": [
        265,
        10,
        98,
        179
      ],
      "ignore": 0,
      "iscrowd": 0,
      "area": 17542
    },
    {
      "id": 26,
      "image_id": 10,
      "category_id": 1,
      "segmentation": [],
      "bbox": [
        97,
        42,
        174,
        84
      ],
      "ignore": 0,
      "iscrowd": 0,
      "area": 14616
    },
    {
      "id": 27,
      "image_id": 10,
      "category_id": 3,
      "segmentation": [],
      "bbox": [
        159,
        0,
        112,
        136
      ],
      "ignore": 0,
      "iscrowd": 0,
      "area": 15232
    },
    {
      "id": 28,
      "image_id": 11,
      "category_id": 1,
      "segmentation": [],
      "bbox": [
        105,
        93,
        119,
        91
      ],
      "ignore": 0,
      "iscrowd": 0,
      "area": 10829
    },
    {
      "id": 29,
      "image_id": 11,
      "category_id": 2,
      "segmentation": [],
      "bbox": [
        40,
        0,
        205,
        170
      ],
      "ignore": 0,
      "iscrowd": 0,
      "area": 34850
    },
    {
      "id": 30,
      "image_id": 12,
      "category_id": 1,
      "segmentation": [],
      "bbox": [
        360,
        141,
        209,
        238
      ],
      "ignore": 0,
      "iscrowd": 0,
      "area": 49742
    },
    {
      "id": 31,
      "image_id": 12,
      "category_id": 4,
      "segmentation": [],
      "bbox": [
        639,
        83,
        50,
        53
      ],
      "ignore": 0,
      "iscrowd": 0,
      "area": 2650
    },
    {
      "id": 32,
      "image_id": 12,
      "category_id": 4,
      "segmentation": [],
      "bbox": [
        794,
        0,
        44,
        250
      ],
      "ignore": 0,
      "iscrowd": 0,
      "area": 11000
    },
    {
      "id": 33,
      "image_id": 12,
      "category_id": 3,
      "segmentation": [],
      "bbox": [
        280,
        533,
        167,
        448
      ],
      "ignore": 0,
      "iscrowd": 0,
      "area": 74816
    },
    {
      "id": 34,
      "image_id": 12,
      "category_id": 4,
      "segmentation": [],
      "bbox": [
        667,
        536,
        147,
        164
      ],
      "ignore": 0,
      "iscrowd": 0,
      "area": 24108
    },
    {
      "id": 35,
      "image_id": 12,
      "category_id": 1,
      "segmentation": [],
      "bbox": [
        472,
        611,
        99,
        80
      ],
      "ignore": 0,
      "iscrowd": 0,
      "area": 7920
    },
    {
      "id": 36,
      "image_id": 12,
      "category_id": 2,
      "segmentation": [],
      "bbox": [
        425,
        436,
        210,
        153
      ],
      "ignore": 0,
      "iscrowd": 0,
      "area": 32130
    },
    {
      "id": 37,
      "image_id": 13,
      "category_id": 4,
      "segmentation": [],
      "bbox": [
        0,
        459,
        244,
        76
      ],
      "ignore": 0,
      "iscrowd": 0,
      "area": 18544
    },
    {
      "id": 38,
      "image_id": 13,
      "category_id": 3,
      "segmentation": [],
      "bbox": [
        245,
        444,
        420,
        91
      ],
      "ignore": 0,
      "iscrowd": 0,
      "area": 38220
    },
    {
      "id": 39,
      "image_id": 14,
      "category_id": 1,
      "segmentation": [],
      "bbox": [
        357,
        80,
        134,
        118
      ],
      "ignore": 0,
      "iscrowd": 0,
      "area": 15812
    },
    {
      "id": 40,
      "image_id": 14,
      "category_id": 2,
      "segmentation": [],
      "bbox": [
        322,
        57,
        248,
        164
      ],
      "ignore": 0,
      "iscrowd": 0,
      "area": 40672
    },
    {
      "id": 41,
      "image_id": 14,
      "category_id": 3,
      "segmentation": [],
      "bbox": [
        547,
        2,
        148,
        416
      ],
      "ignore": 0,
      "iscrowd": 0,
      "area": 61568
    },
    {
      "id": 42,
      "image_id": 14,
      "category_id": 4,
      "segmentation": [],
      "bbox": [
        147,
        0,
        95,
        344
      ],
      "ignore": 0,
      "iscrowd": 0,
      "area": 32680
    },
    {
      "id": 43,
      "image_id": 15,
      "category_id": 2,
      "segmentation": [],
      "bbox": [
        312,
        0,
        467,
        203
      ],
      "ignore": 0,
      "iscrowd": 0,
      "area": 94801
    },
    {
      "id": 44,
      "image_id": 15,
      "category_id": 1,
      "segmentation": [],
      "bbox": [
        433,
        108,
        228,
        198
      ],
      "ignore": 0,
      "iscrowd": 0,
      "area": 45144
    },
    {
      "id": 45,
      "image_id": 15,
      "category_id": 0,
      "segmentation": [],
      "bbox": [
        792,
        383,
        106,
        122
      ],
      "ignore": 0,
      "iscrowd": 0,
      "area": 12932
    },
    {
      "id": 46,
      "image_id": 16,
      "category_id": 1,
      "segmentation": [],
      "bbox": [
        370,
        111,
        121,
        128
      ],
      "ignore": 0,
      "iscrowd": 0,
      "area": 15488
    },
    {
      "id": 47,
      "image_id": 16,
      "category_id": 2,
      "segmentation": [],
      "bbox": [
        314,
        47,
        191,
        169
      ],
      "ignore": 0,
      "iscrowd": 0,
      "area": 32279
    },
    {
      "id": 48,
      "image_id": 17,
      "category_id": 1,
      "segmentation": [],
      "bbox": [
        241,
        119,
        233,
        156
      ],
      "ignore": 0,
      "iscrowd": 0,
      "area": 36348
    },
    {
      "id": 49,
      "image_id": 18,
      "category_id": 1,
      "segmentation": [],
      "bbox": [
        374,
        630,
        47,
        40
      ],
      "ignore": 0,
      "iscrowd": 0,
      "area": 1880
    },
    {
      "id": 50,
      "image_id": 18,
      "category_id": 2,
      "segmentation": [],
      "bbox": [
        341,
        597,
        88,
        60
      ],
      "ignore": 0,
      "iscrowd": 0,
      "area": 5280
    },
    {
      "id": 51,
      "image_id": 19,
      "category_id": 1,
      "segmentation": [],
      "bbox": [
        152,
        74,
        216,
        181
      ],
      "ignore": 0,
      "iscrowd": 0,
      "area": 39096
    },
    {
      "id": 52,
      "image_id": 19,
      "category_id": 1,
      "segmentation": [],
      "bbox": [
        387,
        30,
        192,
        198
      ],
      "ignore": 0,
      "iscrowd": 0,
      "area": 38016
    },
    {
      "id": 53,
      "image_id": 20,
      "category_id": 1,
      "segmentation": [],
      "bbox": [
        106,
        58,
        351,
        305
      ],
      "ignore": 0,
      "iscrowd": 0,
      "area": 107055
    },
    {
      "id": 54,
      "image_id": 20,
      "category_id": 2,
      "segmentation": [],
      "bbox": [
        2,
        3,
        672,
        232
      ],
      "ignore": 0,
      "iscrowd": 0,
      "area": 155904
    },
    {
      "id": 55,
      "image_id": 21,
      "category_id": 1,
      "segmentation": [],
      "bbox": [
        552,
        201,
        406,
        331
      ],
      "ignore": 0,
      "iscrowd": 0,
      "area": 134386
    },
    {
      "id": 56,
      "image_id": 21,
      "category_id": 2,
      "segmentation": [],
      "bbox": [
        423,
        2,
        776,
        432
      ],
      "ignore": 0,
      "iscrowd": 0,
      "area": 335232
    },
    {
      "id": 57,
      "image_id": 22,
      "category_id": 1,
      "segmentation": [],
      "bbox": [
        160,
        108,
        553,
        219
      ],
      "ignore": 0,
      "iscrowd": 0,
      "area": 121107
    },
    {
      "id": 58,
      "image_id": 23,
      "category_id": 1,
      "segmentation": [],
      "bbox": [
        108,
        204,
        173,
        155
      ],
      "ignore": 0,
      "iscrowd": 0,
      "area": 26815
    },
    {
      "id": 59,
      "image_id": 23,
      "category_id": 3,
      "segmentation": [],
      "bbox": [
        486,
        205,
        131,
        206
      ],
      "ignore": 0,
      "iscrowd": 0,
      "area": 26986
    },
    {
      "id": 60,
      "image_id": 23,
      "category_id": 4,
      "segmentation": [],
      "bbox": [
        279,
        161,
        81,
        199
      ],
      "ignore": 0,
      "iscrowd": 0,
      "area": 16119
    },
    {
      "id": 61,
      "image_id": 23,
      "category_id": 1,
      "segmentation": [],
      "bbox": [
        411,
        164,
        109,
        118
      ],
      "ignore": 0,
      "iscrowd": 0,
      "area": 12862
    },
    {
      "id": 62,
      "image_id": 24,
      "category_id": 2,
      "segmentation": [],
      "bbox": [
        173,
        7,
        179,
        134
      ],
      "ignore": 0,
      "iscrowd": 0,
      "area": 23986
    },
    {
      "id": 63,
      "image_id": 24,
      "category_id": 1,
      "segmentation": [],
      "bbox": [
        183,
        104,
        132,
        100
      ],
      "ignore": 0,
      "iscrowd": 0,
      "area": 13200
    },
    {
      "id": 64,
      "image_id": 24,
      "category_id": 3,
      "segmentation": [],
      "bbox": [
        11,
        10,
        101,
        94
      ],
      "ignore": 0,
      "iscrowd": 0,
      "area": 9494
    },
    {
      "id": 65,
      "image_id": 24,
      "category_id": 3,
      "segmentation": [],
      "bbox": [
        140,
        177,
        66,
        93
      ],
      "ignore": 0,
      "iscrowd": 0,
      "area": 6138
    },
    {
      "id": 66,
      "image_id": 24,
      "category_id": 4,
      "segmentation": [],
      "bbox": [
        177,
        151,
        41,
        114
      ],
      "ignore": 0,
      "iscrowd": 0,
      "area": 4674
    },
    {
      "id": 67,
      "image_id": 25,
      "category_id": 1,
      "segmentation": [],
      "bbox": [
        361,
        110,
        169,
        149
      ],
      "ignore": 0,
      "iscrowd": 0,
      "area": 25181
    },
    {
      "id": 68,
      "image_id": 25,
      "category_id": 2,
      "segmentation": [],
      "bbox": [
        284,
        5,
        235,
        205
      ],
      "ignore": 0,
      "iscrowd": 0,
      "area": 48175
    },
    {
      "id": 69,
      "image_id": 26,
      "category_id": 1,
      "segmentation": [],
      "bbox": [
        243,
        106,
        251,
        195
      ],
      "ignore": 0,
      "iscrowd": 0,
      "area": 48945
    },
    {
      "id": 70,
      "image_id": 27,
      "category_id": 3,
      "segmentation": [],
      "bbox": [
        32,
        216,
        478,
        113
      ],
      "ignore": 0,
      "iscrowd": 0,
      "area": 54014
    },
    {
      "id": 71,
      "image_id": 27,
      "category_id": 4,
      "segmentation": [],
      "bbox": [
        0,
        229,
        455,
        117
      ],
      "ignore": 0,
      "iscrowd": 0,
      "area": 53235
    },
    {
      "id": 72,
      "image_id": 28,
      "category_id": 2,
      "segmentation": [],
      "bbox": [
        438,
        9,
        225,
        234
      ],
      "ignore": 0,
      "iscrowd": 0,
      "area": 52650
    },
    {
      "id": 73,
      "image_id": 28,
      "category_id": 1,
      "segmentation": [],
      "bbox": [
        527,
        126,
        116,
        106
      ],
      "ignore": 0,
      "iscrowd": 0,
      "area": 12296
    },
    {
      "id": 74,
      "image_id": 28,
      "category_id": 2,
      "segmentation": [],
      "bbox": [
        112,
        95,
        134,
        128
      ],
      "ignore": 0,
      "iscrowd": 0,
      "area": 17152
    },
    {
      "id": 75,
      "image_id": 28,
      "category_id": 2,
      "segmentation": [],
      "bbox": [
        45,
        2,
        232,
        149
      ],
      "ignore": 0,
      "iscrowd": 0,
      "area": 34568
    },
    {
      "id": 76,
      "image_id": 29,
      "category_id": 1,
      "segmentation": [],
      "bbox": [
        306,
        231,
        209,
        252
      ],
      "ignore": 0,
      "iscrowd": 0,
      "area": 52668
    },
    {
      "id": 77,
      "image_id": 30,
      "category_id": 2,
      "segmentation": [],
      "bbox": [
        356,
        114,
        191,
        145
      ],
      "ignore": 0,
      "iscrowd": 0,
      "area": 27695
    },
    {
      "id": 78,
      "image_id": 31,
      "category_id": 1,
      "segmentation": [],
      "bbox": [
        590,
        169,
        104,
        98
      ],
      "ignore": 0,
      "iscrowd": 0,
      "area": 10192
    },
    {
      "id": 79,
      "image_id": 31,
      "category_id": 2,
      "segmentation": [],
      "bbox": [
        536,
        38,
        237,
        184
      ],
      "ignore": 0,
      "iscrowd": 0,
      "area": 43608
    },
    {
      "id": 80,
      "image_id": 31,
      "category_id": 4,
      "segmentation": [],
      "bbox": [
        927,
        192,
        352,
        489
      ],
      "ignore": 0,
      "iscrowd": 0,
      "area": 172128
    },
    {
      "id": 81,
      "image_id": 32,
      "category_id": 1,
      "segmentation": [],
      "bbox": [
        281,
        254,
        178,
        95
      ],
      "ignore": 0,
      "iscrowd": 0,
      "area": 16910
    },
    {
      "id": 82,
      "image_id": 32,
      "category_id": 3,
      "segmentation": [],
      "bbox": [
        209,
        470,
        51,
        75
      ],
      "ignore": 0,
      "iscrowd": 0,
      "area": 3825
    },
    {
      "id": 83,
      "image_id": 32,
      "category_id": 4,
      "segmentation": [],
      "bbox": [
        208,
        474,
        53,
        69
      ],
      "ignore": 0,
      "iscrowd": 0,
      "area": 3657
    }
  ],
  "info": {
    "year": 2023,
    "version": "1.0",
    "description": "",
    "contributor": "Label Studio",
    "url": "",
    "date_created": "2023-01-24 01:32:32.664102"
  }
}